{
  "name": "semeval200_baseline",
  "input": "framework3/predictions/semeval200_baseline.jsonl",
  "total": 200,
  "accuracy": 0.61,
  "macro_f1": 0.5953937130407718,
  "per_label": {
    "sarcastic": {
      "precision": 0.5063291139240507,
      "recall": 1.0,
      "f1": 0.6722689075630253,
      "support": 80,
      "tp": 80,
      "fp": 78,
      "fn": 0
    },
    "non_sarcastic": {
      "precision": 1.0,
      "recall": 0.35,
      "f1": 0.5185185185185185,
      "support": 120,
      "tp": 42,
      "fp": 0,
      "fn": 78
    }
  },
  "confusion_matrix": {
    "tp": 80,
    "fp": 78,
    "fn": 0,
    "tn": 42
  }
}
