{
  "name": "semeval784_framework1",
  "input": "framework3/predictions_pmp_v2/semeval784_framework1.jsonl",
  "total": 784,
  "accuracy": 0.6900510204081632,
  "macro_f1": 0.6868716254530214,
  "per_label": {
    "sarcastic": {
      "precision": 0.5615942028985508,
      "recall": 0.9967845659163987,
      "f1": 0.7184241019698726,
      "support": 311,
      "tp": 310,
      "fp": 242,
      "fn": 1
    },
    "non_sarcastic": {
      "precision": 0.9956896551724138,
      "recall": 0.4883720930232558,
      "f1": 0.6553191489361703,
      "support": 473,
      "tp": 231,
      "fp": 1,
      "fn": 242
    }
  },
  "confusion_matrix": {
    "tp": 310,
    "fp": 242,
    "fn": 1,
    "tn": 231
  }
}
